"0","icecream@tastes.good","pbkdf2:sha256:260000$1GvmeoAkcWb89TyU$5f711eafb243c1c1a884715dd9bd6d185f29ccd3dab59ad19cc201a7260091cb","Joey","Shmoey","420 Chapel Dr","1000"
"0","tamaramorrison@hotmail.com","pbkdf2:sha256:600000$kg4pQbOJedeqoqPS$14ed9ccca6e6bc44deff7ac3a79dd84ae81da54275d6e559af41e86564812864","Gary","Cross","Unit 5938 Box 2421
DPO AP 33335","7290"
"1","stephenschristine@yahoo.com","pbkdf2:sha256:600000$biQrzsLcO87XDBWD$9e161b7f7381a1115acf904c4bb5197db79c3522c070bdd93e669b3e51cf9909","Madison","Obrien","1122 Megan Squares Suite 848
Port Jason, TX 77807","3618"
"2","hensontroy@yahoo.com","pbkdf2:sha256:600000$COX9xihulleNW1vW$384dd4322aaffabb4256d514bebc612b06a8ae8376602b151a5599de159ddc5f","Ronald","Miller","45792 Tammy Centers Apt. 258
Davidmouth, TN 23414","7649"
"3","kimberly00@yahoo.com","pbkdf2:sha256:600000$sVnMTirI3MYCGlAF$f647393b6aa5432b8bc2d4b983cd8c91f0c79d29753821862eebc612ebec5802","Melanie","Grant","Unit 6650 Box 3008
DPO AP 13317","2448"
"4","ryanhoward@gmail.com","pbkdf2:sha256:600000$w3xY9ibSsuzbJTgD$e466f6997cdd7e280e9ea2c5ef5fff4c6dcbc1693cc4f8abd6f7a900e9e1530e","Jaime","Villegas","42814 Houston Hills
Rodriguezside, PW 63569","452"
"5","melissayates@hotmail.com","pbkdf2:sha256:600000$LPqiOM7wvSGZtWwB$7ad653e78e9b44e4004d8a40bd744fb96033dba5c874a8f5ccf3075cf47aa06b","Amanda","Smith","92137 Ward Views
North Vanessa, NM 19952","2981"
"6","hhunter@gmail.com","pbkdf2:sha256:600000$Sx52uskdxyZL42fD$90ae36f83fdf28d5d8f30397ab772ce6639bf9a12141bb8bb021f2eb1bd0b45c","Shane","Becker","22345 Sheri Orchard Suite 279
Lake Hollystad, MT 05112","9273"
"7","jack11@hotmail.com","pbkdf2:sha256:600000$zeRmRt0Q2eyMJqy5$994dbe69b7f4bbb51de3df745df8201f7ae670e554aadc079595c52cf190cf50","Megan","Mays","6607 Sharp Common
Chadstad, UT 04351","5042"
"8","danny48@hotmail.com","pbkdf2:sha256:600000$bi4PMRYnccuJmaOH$96a93943e8a0faf9165cc1bb430f7415910cf86dc8ee30ef8c5a9e9aafacf75c","Kristin","Watts","45602 Phillip Squares
East Robertside, MT 97609","6950"
"9","juliewilliams@hotmail.com","pbkdf2:sha256:600000$mOVsrXlHY0eDput4$075f225be8e9aba511b1e71a5fa85f8668ffe8862c4efba21f200ed09b4457d9","Keith","Taylor","40046 Wallace Summit
Michaelborough, PA 11676","418"
