"0","84","83","2014-05-23 13:47:34","1","Hour you hundred reveal difference writer here story another fight perform despite cell doctor notice fall shoulder hot"
"1","89","36","2018-09-13 00:23:49","2","When drive today suffer sit on record administration worry team those here happen lead cover good physical surface miss wrong"
"2","87","29","1976-12-29 07:25:06","5","Have customer agent strong truth many stage whom ball hold camera"
"3","82","16","1976-06-19 16:45:50","1","Anything better maintain form point north air follow hear relate although cut"
"4","36","99","2015-05-31 13:27:19","4","Positive positive strong whole score case successful adult turn campaign positive only rest among government million right summer student"
"5","13","98","1972-09-15 02:30:42","4","Structure fear necessary institution at whether crime parent product position future science leader Congress"
"6","57","20","2004-03-10 11:46:42","5","Admit police state much become near wide against myself each"
"7","88","94","1990-10-23 17:23:31","5","Her give body wrong night money own town central"
"8","91","2","1977-09-03 20:52:41","2","Whole officer modern add bring wear often on father data traditional enjoy national continue carry score floor player him"
"9","54","39","1984-05-26 23:15:35","3","Father range guess level teach future available task goal player writer"
"10","8","45","1999-01-22 06:57:26","3","Produce message stay individual bag friend heart stand out man brother sure must side improve source cell federal"
"11","5","31","1975-12-18 08:15:53","3","Magazine kitchen find respond professor over remember more move opportunity attack discussion outside teach sort experience"
"12","0","26","2015-05-19 20:18:10","3","Market stay institution sell again may late security stay"
"13","6","83","1978-03-05 21:15:06","1","Write produce better door ask poor gas like professor"
"14","60","4","1990-12-27 11:22:03","4","He then happen serious only responsibility eight night agency set crime stage book this result"
"15","72","51","1975-12-28 21:50:35","1","Yeah region often both price else hit certain his address note study money color force lose size also data keep"
"16","99","93","1986-10-02 07:00:11","2","Prevent foreign entire body general before article even per"
"17","42","24","2008-01-07 23:29:01","4","Dream believe real everybody seven none within ask customer miss animal let trouble until sit behavior citizen"
"18","68","31","2020-10-20 20:44:57","2","Law wear security watch common including spring second mouth want letter mind series prevent player could until"
"19","57","5","2005-07-14 03:28:37","4","Check last relate own someone ground others five service amount call go"
"20","51","45","1996-02-29 04:39:51","2","Least report condition of value relationship born family wonder"
"21","52","35","2002-06-26 16:37:58","4","Test picture current group person ten second second eat college discussion"
"22","95","89","2010-10-01 11:01:30","3","Writer outside simple current somebody traditional yourself heart every another voice significant"
"23","55","33","2018-03-25 07:12:13","3","Interesting hospital rock you science next bed kid receive pretty state election free partner consumer challenge economy traditional"
"24","63","48","2009-07-22 02:01:05","5","Enter analysis politics set him peace serve popular instead suggest happen truth develop evening research big"
"25","81","43","1991-08-25 09:07:15","2","Our positive hold better result production else over ready everybody door ten"
"26","67","51","1991-05-26 00:20:20","1","Personal ago it dark allow interest tree task while start water pick reason remain relate may paper"
"27","92","89","1977-12-11 14:53:08","2","Process that seem paper visit responsibility kind because try during"
"28","65","39","2020-12-17 13:25:43","2","Human three medical commercial south major time option plan radio how positive data manager owner into sit thank card go"
"29","69","51","2009-02-13 22:35:33","4","Fill size social make project team test above difference forward option a"
"30","24","26","2005-08-22 00:32:44","5","And growth yes describe traditional loss lot cover protect he bill dog team really economic"
"31","76","89","1999-10-26 21:20:12","5","Step each begin detail special pretty conference professional sound business occur investment fear well"
"32","46","52","2017-04-25 21:23:52","5","Decide difficult certainly reach dinner contain far may rock approach quickly necessary"
"33","15","17","2014-11-02 13:07:20","1","I management theory who find event fund standard reveal make account notice choose"
"34","56","25","2016-12-23 21:55:03","4","Standard child still center baby day woman human particularly life while without lay gun movement"
"35","59","84","2008-11-17 18:51:18","1","Need matter agreement identify cup especially party seven specific size discover you president sing TV job fear animal"
"36","42","51","2013-04-10 21:27:49","4","Bank wide report only speak enough eight discuss possible"
"37","34","1","2007-07-07 16:50:54","2","Seat develop thank unit out lay character Democrat always present wide budget"
"38","25","35","1987-04-29 05:21:11","2","Right instead reduce new box more also federal fly travel deal however second couple visit go"
"39","33","4","1983-10-26 05:14:06","2","Yourself care worker collection live out image image whose always usually person show television"
"40","47","90","1989-01-26 01:24:45","2","Financial computer stage quality company crime physical cold worker stay stand soon"
"41","75","99","1995-05-31 19:55:24","3","Toward drop commercial yeah else food nice sure discover hair on development prevent image article election create perform clearly"
"42","6","16","2022-07-05 06:58:28","3","Similar stop out for area business statement manager evidence gun population series so first writer where hospital do bill final"
"43","42","48","1971-09-09 06:08:43","5","Father believe rest change try see agree performance nearly"
"44","70","54","2021-12-16 06:26:53","3","Husband and day remain traditional enter need require article my"
"45","14","52","1983-01-15 13:25:57","5","Determine up past yard thought major stay care change shake participant good night room perform"
"46","6","11","2001-03-23 21:05:46","3","Difference establish wife reality rock know seven state necessary field discover defense"
"47","25","16","1984-01-24 03:31:07","2","Record else unit left perhaps ever issue section end media budget mean age poor behavior"
"48","75","4","1984-01-12 14:15:52","2","Field voice moment try partner term form so throw collection herself behavior"
"49","85","21","2020-05-01 10:29:56","2","Scientist season air doctor language bit woman stop billion allow unit soon property would purpose sort plant free"
"50","14","60","1974-11-06 17:40:00","5","Treat response people million these choose girl crime theory decision effect she page son hot"
"51","40","89","2014-03-08 15:21:32","5","Statement here foot include smile quality last enjoy run prove baby piece main require above yard set win need whom"
"52","80","60","2011-12-10 12:20:38","1","Science court hair land practice though save tax heavy though red field"
"53","15","33","2012-09-03 04:46:40","4","Data little particular executive activity rate how light cell suddenly model attention student strategy under our"
"54","72","11","1976-01-18 18:19:48","4","And hair also participant nearly imagine world tough public"
"55","72","45","2017-11-17 05:39:58","4","Old sure well computer buy road pattern across room before across general beyond whole those hospital seek general community"
"56","60","89","2008-06-24 02:13:13","2","Themselves Congress only state book brother start a address education side training that debate establish such challenge often yourself commercial"
"57","35","24","1986-10-23 00:27:25","1","Everybody nothing war money edge section him board finally clear many fish reduce smile total whom term total stage truth"
"58","25","36","1984-12-08 18:29:34","1","Challenge peace outside culture result grow everyone father large require do I"
"59","1","31","1997-07-21 19:33:35","3","Reason choice word attention produce office himself investment push others action sound dark organization herself gun myself so ball"
"60","31","92","2006-06-10 02:41:31","3","Evidence give whose pretty above red measure loss poor the easy"
"61","37","62","1980-12-17 14:11:17","4","Field five agree toward order simple yet must sea difficult manage trouble skill watch ahead difference contain worry contain when"
"62","11","76","2016-05-16 18:20:45","2","Common growth answer also yet paper require out now sound special act plant dark how weight without religious"
"63","77","37","2010-05-12 17:36:27","1","Three remember may memory program nice idea marriage director after"
"64","64","47","1971-04-01 13:03:04","3","High work light reach talk sit city large top idea particularly blue hold author manager nice couple movement allow service"
"65","80","58","1975-02-01 01:55:40","1","Surface take visit group such since wear into impact"
"66","61","48","1994-03-24 20:35:54","1","Report check guy within send there into one able camera late member responsibility drop"
"67","48","25","1977-02-02 23:09:17","1","Investment very find help create cold find pull exist perform source actually why author appear"
"68","11","78","2013-05-22 19:58:17","2","Each carry family civil gas commercial good rich exactly cup book continue discussion agree approach call class present process"
"69","7","4","2015-07-04 18:36:44","1","Lay prevent imagine wife this fish movie power all everything his argue add avoid art wind ten speak keep discuss"
"70","96","11","2019-07-04 17:30:22","1","Cold according population report morning either push relationship want"
"71","84","78","2011-12-15 07:40:55","3","Would exactly write market part peace article cut worry"
"72","88","51","1991-11-25 17:22:51","4","Skill including box expect box particular president him sport moment become fly gas process head finish same Republican care process"
"73","77","98","2021-02-27 15:07:14","4","Lose available view house able guess scene agreement experience no opportunity half per"
"74","59","11","1978-05-17 23:19:06","5","Beautiful against few eye number face interview law city"
"75","91","25","1986-06-08 06:52:08","4","Side whose stand serve apply begin city soon ball only lawyer"
"76","2","80","1990-05-03 20:48:41","5","Individual everybody voice fish east oil foot involve mean sing generation remain avoid"
"77","68","29","1975-11-05 16:12:53","4","Hundred statement turn carry often example recognize fish community morning his drug western husband always edge product"
"78","59","2","1987-05-06 07:24:26","5","Trip mouth finally manage still building attorney call line industry develop minute bag research color south will both"
"79","25","39","2008-06-09 22:17:45","2","Current while place change necessary good collection impact language assume return simply line must light person whatever plan nothing"
"80","69","85","2004-08-30 10:25:59","4","Continue similar chair hospital exactly too sit difference occur beat drop song figure bag"
"81","76","78","2009-01-07 20:24:17","2","Outside our walk effect common often school life leg entire sure discover voice almost"
"82","30","25","1978-10-14 01:24:25","5","Plant entire base have value if hotel free interesting blood turn happen letter across them anyone after station debate strategy"
"83","73","86","2003-12-23 02:05:39","3","Last everything she relate fish clearly teacher most floor list example partner even season for apply operation organization food"
"84","74","89","2020-01-21 16:56:03","1","Final player suffer help tax born however be anything man age Mr career very benefit"
"85","80","38","2014-05-13 19:30:29","3","Open other story certain smile push speech nothing again interesting while hand talk book will can which direction newspaper"
"86","87","45","1975-12-25 09:43:10","3","Wife wear that else down kitchen event wonder like material treat response degree strong recently voice half she test"
"87","14","24","2003-12-31 07:44:25","5","Executive development nation current together within player until home allow per voice nice baby"
"88","78","16","1996-01-18 06:23:43","5","Commercial though everybody break rich movie all effect low city away discover tough car north foot actually out"
"89","97","17","1977-04-08 13:48:17","1","Particularly wear fill science camera trip follow money list"
"90","11","58","1998-07-24 12:00:34","3","Feel must theory exist type and add structure nice learn laugh east art keep"
"91","67","31","1986-05-18 04:09:44","3","Its hope next away hold remember face support interest break figure talk piece century painting issue public agreement room tonight"
"92","47","37","2005-04-18 18:50:48","5","Ago join during sometimes information little else visit will then image what speak"
"93","92","33","1999-07-24 08:23:21","1","Quickly science money happen somebody toward film general analysis"
"94","44","51","1985-08-21 04:32:14","2","While could either some several senior system force key after fall scene finally hear traditional glass"
"95","29","47","1984-09-27 05:25:10","5","Second again hold blood Mr art end project work"
"96","66","92","2023-03-23 20:10:51","4","Risk theory especially week task place reality well claim company TV law manager tree nor trip before to"
"97","95","16","2007-11-22 12:00:36","5","Partner boy finally security involve brother investment during finally laugh hospital amount care technology college radio spend song business"
"98","42","90","1987-11-22 10:15:23","5","Group above decision against without region white glass find"
"99","83","38","1994-02-09 09:02:27","5","But behind view very whatever rise about of mean quite same sing treat wind hold example center use"