0,icecream@tastes.good,pbkdf2:sha256:260000$1GvmeoAkcWb89TyU$5f711eafb243c1c1a884715dd9bd6d185f29ccd3dab59ad19cc201a7260091cb,Joey,Shmoey,420 Chapel Dr, 1000
"1","stephenschristine@yahoo.com","pbkdf2:sha256:600000$AoHxJI6u8SpJypw3$0b0e5c6a1237caf52991c532d81b0408df551897488b733cc109682e738c7f47","Madison","Obrien","1122 Megan Squares Suite 848
Port Jason, TX 77807","3618"
"2","hensontroy@yahoo.com","pbkdf2:sha256:600000$TwXkipnsnRYRfTmc$1a6286dbbd087e4af8afe8f8b5a13716f49ac896ed1cc0292af09eee290f1dcc","Ronald","Miller","45792 Tammy Centers Apt. 258
Davidmouth, TN 23414","7649"
"3","kimberly00@yahoo.com","pbkdf2:sha256:600000$b9sv7DRQiICgfEVS$9ee0c3ca4c936e3e38786f50268e8fdaaf2250ee19d95f7aad64fece8c12bc9d","Melanie","Grant","Unit 6650 Box 3008
DPO AP 13317","2448"
"4","ryanhoward@gmail.com","pbkdf2:sha256:600000$MuUc4dvwmsFUMzsn$60a44a982242d899cbfaa3d313cc904cad911ad1c835f1470c231918c9e9bed0","Jaime","Villegas","42814 Houston Hills
Rodriguezside, PW 63569","452"
"5","melissayates@hotmail.com","pbkdf2:sha256:600000$GUOXtsBBqMzdnRsk$d7c99e6f2721a747ae2ea1b2e4e16f890991040d7e297b5ffb4dbc156ef4ad0c","Amanda","Smith","92137 Ward Views
North Vanessa, NM 19952","2981"
"6","hhunter@gmail.com","pbkdf2:sha256:600000$UeMbvn63ef0oEL64$58c90fa351f32522437248d4ecd0b7cc8415f892aa3bf87aedc04e998cb58e88","Shane","Becker","22345 Sheri Orchard Suite 279
Lake Hollystad, MT 05112","9273"
"7","jack11@hotmail.com","pbkdf2:sha256:600000$4TCtAGOo2w8ECP6j$772f9d56004e158e22a8d8908e6ca1863ec7ac64fafdb1c4acc4149228fab1f4","Megan","Mays","6607 Sharp Common
Chadstad, UT 04351","5042"
"8","danny48@hotmail.com","pbkdf2:sha256:600000$Y8dCvFfedGdm3pMs$21221bde5c00d8df34817feb5292e77fb0f921c668207a9a36eff2d9b2ea30d6","Kristin","Watts","45602 Phillip Squares
East Robertside, MT 97609","6950"
"9","juliewilliams@hotmail.com","pbkdf2:sha256:600000$dy4WUJTcWiNim0vk$64ef9f66556c956cb1dd743e4a53236dbd7c2aebf852d84a18e3c37a44ecf2fc","Keith","Taylor","40046 Wallace Summit
Michaelborough, PA 11676","418"
"10","jesseevans@gmail.com","pbkdf2:sha256:600000$EcbHwsNsk015bvqS$ab5ac58e41c78516ae4b2b4a5ee4a55ffc8d10bc45b15d112407bbbe5156d2e9","Thomas","Wallace","605 Darren Alley
Morganport, VA 30213","8390"
"11","bradleyvilla@gmail.com","pbkdf2:sha256:600000$Yop0pkTKKEsmnGSt$469cb3807fd04dca47864ecc632f8adbc8ef15417f767667e352f14c46125d69","Erica","Bryant","USCGC Carpenter
FPO AA 33891","7551"
"12","emily35@hotmail.com","pbkdf2:sha256:600000$rZLyb9lvNo6GudNI$50f470ccdaf72c30737d8bab2afb6134fdad04eb602d2e40b11ccdfe19286f42","Danielle","Mitchell","12637 Lisa Points
Williamsburgh, IA 64728","4699"
"13","johnsonbrady@gmail.com","pbkdf2:sha256:600000$YZPDgHmj0aHeCg6q$3e17b583d84d57ab6d52c5728216fad7db4c7481358bd1073c4cff62b015e81a","Michele","Underwood","62281 Kathy Tunnel
Hudsonborough, IA 96519","5352"
"14","kelly27@gmail.com","pbkdf2:sha256:600000$jrbl9RVDH18s01Jo$179132c941500e27e6c41c53be9226dd41c3d4d0c1d2d21d6cdd0f4c55efbbfc","Stephanie","Newton","4256 Smith Greens
Maloneshire, PW 16569","5829"
"15","lramirez@hotmail.com","pbkdf2:sha256:600000$uoKNwOgnb2eFHYQx$0564a318bfae4f7402b9eff41538e43ed82bc0ca642908e7d3623d45f4eb9255","Amber","Moore","708 Villa Camp Suite 616
Tylertown, KY 97488","1036"
"16","parkertravis@yahoo.com","pbkdf2:sha256:600000$Rv4qJGRx1DRNo9mW$9f78bea63ed1bc634156af2af55241504bc3bdaf976f5d8c9418b3ffeb3ca094","Jonathan","Simon","64488 Branch Field Suite 208
Port Donna, WY 74331","6519"
"17","kimberly87@gmail.com","pbkdf2:sha256:600000$wQ9BSPU5s6kSLa4w$e7ab73627e20bde23ce75deba0e065977a0da41a047083bc57bea1afe42f8cbf","Kyle","Powell","294 Short Locks Suite 820
New Michellestad, AL 09593","7353"
"18","morriskrystal@hotmail.com","pbkdf2:sha256:600000$3iFQYoOjVVKdbT9v$49f0d854e5f92f205c3ff6e65a1b79ecee415ae4c706b527c5423aa8c2b22daf","Lindsey","Oliver","37937 Jenna Shoal Apt. 780
Port Zacharytown, GU 10985","8126"
"19","kimberlynunez@yahoo.com","pbkdf2:sha256:600000$pqpBUpJrckxw2ehT$a2e70197f12129167f9583e8225ab4558c8e66c6aed29ac9a516b49ef4c0c45c","David","Perez","55170 Regina Road
Susantown, MS 44762","433"
"20","michaelanderson@hotmail.com","pbkdf2:sha256:600000$vBuBeM7m9ObE2WVt$0ecce0eaf76bd30b47be409f3909b4309b0aeab41c4be79931477283af166a81","Gilbert","Jenkins","612 Knight Keys
South Paulabury, NJ 50538","2715"
"21","elizabeth32@hotmail.com","pbkdf2:sha256:600000$w4bW1qfuhpDl9g87$eac3ab2b4dfb736298c3eb69a310048aa7ba40691291b1c299e218b35c936c83","Madison","Pollard","23230 Lori Knolls
Jennifermouth, TX 16030","1276"
"22","nancy51@hotmail.com","pbkdf2:sha256:600000$MXV2vKThtBLeQ3Wu$8075755844b4a5e39deb0681f6565f238e8d41714482dfe4f452463594a2a080","Troy","Hawkins","6409 Samantha Extension
Cunninghamfurt, AS 11877","3959"
"23","danielrobles@yahoo.com","pbkdf2:sha256:600000$JqwlBf3Vjrii85h5$64dee11fe3f8979137ae26643d2dd6613b61eb36fedf2b514dc3c242d22bfd76","William","Bray","14963 Stuart Wall Apt. 343
Kellerstad, LA 50877","3829"
"24","griffinpamela@hotmail.com","pbkdf2:sha256:600000$Nz9apPYl46SdGCaL$cca08b43f8fc9214a0a98221e3046de45f748d804113160eb8315cc58d1ee05b","Melissa","Wells","73089 Jones Fall
East Sarah, MS 62718","7308"
"25","qmyers@yahoo.com","pbkdf2:sha256:600000$dCy9i9zArp9WLhmB$080bc539237cc32edd98327db835873b71a8020992d4301d8987a955e561b71b","Amy","Sanchez","281 Kevin Path Apt. 025
West Mollyburgh, WI 61921","7677"
"26","jeremy94@gmail.com","pbkdf2:sha256:600000$fHXnJvKmIemk3Gpj$3f039d02a6af4f7342c9dbd0afaf268a57722d4ad61382ca74fde1cf94535a4d","Joshua","Jones","USNS Mcclain
FPO AP 06609","2536"
"27","wendysteele@gmail.com","pbkdf2:sha256:600000$HnQo40l7yLKIxjZu$6319d83b21eca7b40d4417205eef2475220ca2d8652056d7cfa74c51788ffd89","Zachary","Garcia","69220 Janice Gateway
Lake Josephfurt, DE 45566","3299"
"28","preyes@gmail.com","pbkdf2:sha256:600000$H1EepcRkh6TRbuh5$e94a211b0a3c1f164c43a613c28b36ff30f7858e7beca0b5f5b8e04a97ec96ee","Amy","Price","48015 Brennan Tunnel Suite 019
West Lindaburgh, VT 36585","1612"
"29","martinezchristopher@gmail.com","pbkdf2:sha256:600000$XXPzEHx2XWmrf9YP$13c7fc7f46f54550354f12fa64ed09ae10288fb04e160e322b05eba9516f54cd","Kristin","Ibarra","4466 Terry Centers
Lake Olivia, NC 47333","1339"
"30","qstark@yahoo.com","pbkdf2:sha256:600000$r8tLAvatXfxlqO25$0bb930702ed27a841bd577e54f7acea4cdae1a913d93f1d28043c9ac53aa0e40","Eric","Taylor","129 Joyce Walks Apt. 081
Wrightberg, PA 82666","7474"
"31","waynebarnes@yahoo.com","pbkdf2:sha256:600000$VkVaz9rtBZQRF9sd$e08c80ef6a76492026fd9d5d8d73ebe3f03fa1dbec46dacfb72e743b74b2be94","Daniel","Mccall","0329 Rebecca Shore
Chelseaview, AL 88909","3097"
"32","vschneider@gmail.com","pbkdf2:sha256:600000$70tgEJ0VDJNP9VOP$c69801d280d01bd7cff60557b2e2fd32517db0f9aff4799f362f39d7ed8c93f1","Brian","Kelly","541 Brock Estate Apt. 848
Franklinchester, TN 21347","3428"
"33","shawna76@hotmail.com","pbkdf2:sha256:600000$LapaNMpqnLWwc0XH$38ad9b704ca3ea0cf5d9da6ab545f7ab3f8f624c876fa1804c33f8f35693e963","Jessica","Frank","782 Dawn Radial
Port Christopher, NJ 38224","5229"
"34","vallen@hotmail.com","pbkdf2:sha256:600000$hqSPgelTtmSAqnyu$60bad8dde45acf174ab2a2aabd5950e9a36ea247469a25e5e2a89a5f0444d8af","Alexander","Gibson","8039 Thomas Land Suite 938
New Williamton, OK 47516","2399"
"35","andrewkramer@hotmail.com","pbkdf2:sha256:600000$PZfJpfgjAQLZ7FuY$a0119d3c5efff17a44ac0a6dec5de8cdb86de3d821723b94644a814067fc74b9","Phillip","MD","7329 Jacobs Station
New Tylerborough, LA 51577","1498"
"36","stephenbeck@yahoo.com","pbkdf2:sha256:600000$2GuXFo2id12DszVP$c8dc15ae346393385cb4dfca2c515975f375e290618db4532473ac3a28c09683","Leah","Bell","USNS Ramirez
FPO AE 24579","4511"
"37","sandygarcia@gmail.com","pbkdf2:sha256:600000$qYEGr6U74Q3B8Wvy$f77c878fa847dd73df95fdf9c8ddd65f75781acc1310d0b2187cb93db89fcd67","Dalton","Fritz","Unit 3486 Box 1261
DPO AP 85920","3199"
"38","nbaker@gmail.com","pbkdf2:sha256:600000$cLilmZDWtsTg5dXt$21d7e0d4167adce3899bf3d64ebab87f3190f771986b785f49f3dd869bfc8d5e","Erica","Vega","905 Baird Turnpike Apt. 037
New Evelyn, GU 01420","2282"
"39","joel44@gmail.com","pbkdf2:sha256:600000$ITjRAYkRhY1sLRV8$79619ad0ab3a77aba89b8255f5359166e3d19298b8b5e5b4d3a90d0f56000f55","Daniel","Davis","117 Abigail Burgs Apt. 749
Jacquelinefurt, GA 31642","2374"
"40","carolyn44@hotmail.com","pbkdf2:sha256:600000$Sdvpi1I0U2eYZYVf$3a8c1b6e26c0da60920db03c24f8a4acee7f710903826741b66433c44305e372","Thomas","Alexander","9983 Mary Grove Apt. 643
Beardview, NY 53474","9140"
"41","bmorris@yahoo.com","pbkdf2:sha256:600000$9tcwnBVT0bCOJiEz$40e58e82d7a5bda39583d6bb94538f2821ef059fa04ee5ec242520b7bc1bcb14","Nathaniel","Perez","59748 Sharon Locks
North Adammouth, VA 27727","4691"
"42","michaelcoleman@yahoo.com","pbkdf2:sha256:600000$Jqmm1ZlWnxRGHGF1$764123943ccb4537afcf60639d604d63e84e744e95f5af3ac046f2a7c99bf356","James","Newman","958 Antonio Loop Suite 750
New James, NM 17740","1078"
"43","nancyparrish@yahoo.com","pbkdf2:sha256:600000$qTS7vzQmMVgjFKGV$f784263fc92d3a635e643d97f4295edfb971867ed873f1f98e02f219268029af","Barry","Hubbard","12903 Alejandro Pike Suite 624
Alexanderside, AZ 21393","1331"
"44","denisetaylor@gmail.com","pbkdf2:sha256:600000$Rp42Bg01lVleSgje$5cbafac4d195d8527d873f59433feef6b2a3f73925f6e32ceaa1334d4443dfb1","David","Steele","131 Reynolds Crescent
Robbinsmouth, NY 95807","8020"
"45","lindseyeric@gmail.com","pbkdf2:sha256:600000$BrawhaLxdFBClUUX$f2f13b5a8408fa333e0804ee94f5e0f481265ec0c8eb6c58e041d6fdc5f5dc33","Adam","Gregory","PSC 5531, Box 8724
APO AA 25341","3837"
"46","johnny46@hotmail.com","pbkdf2:sha256:600000$6Wro5JXwQrmgNXEX$14459cc38305f991abcb06f85f2acc8207a889da7c7858a19eed0a7074373d78","Dr.","II","955 Wilson Turnpike Apt. 652
Boothbury, VA 89723","381"
"47","taylorsteven@gmail.com","pbkdf2:sha256:600000$4CVcRoUG2KesojEo$9426b747df0c790455cfd912a174b668c049bdc17235a301a1f4426d03799c5f","William","Burns","8140 Trevor Valleys
Vaughanstad, OH 62334","4231"
"48","thomasallen@hotmail.com","pbkdf2:sha256:600000$Ob9UfjnzDOGDlXM0$59b40a6669dd169e7b713f0b2507d1f813ea913ae846882e9f67668596e56a34","Christopher","Guerrero","144 White Avenue
Sullivanborough, CO 55257","4253"
"49","josephmason@hotmail.com","pbkdf2:sha256:600000$RPuNhNDMhBLggTJK$894653766d058741242384c4ff7018138629592c96f479a7049c7c5070910315","Kathryn","Noble","12169 Juan Ports
East Melissaport, PR 53317","1804"
"50","richard56@yahoo.com","pbkdf2:sha256:600000$58rJQoZVGQbbyxIX$52810b91ea42dd1f060d2897d566375932b601cca6be2b8b72230d8dffa6dbea","Stacey","Rojas","5953 Braun Drive Apt. 720
New Melissaberg, WV 14838","233"
"51","websterrandy@gmail.com","pbkdf2:sha256:600000$kSMNWaqCaVOIbxEO$4272ddd31c3e41d3c10f9d594f7fb9d9b647cda0808c59a5e8c2e4dfab918814","Laura","Morrison","PSC 2732, Box 9314
APO AP 66855","5627"
"52","obarr@hotmail.com","pbkdf2:sha256:600000$z9DQRbnO0Cntoz8H$563446a55285b601c6fc30271c8553ff159e3b979c0eb4c926c27a06059142a5","Samantha","Morgan","3605 Jackson Corners Suite 709
Port Donald, OH 74865","7762"
"53","abigailandrews@hotmail.com","pbkdf2:sha256:600000$9Ohs9XuvQCx2ru51$e64f69633b3497962f87fdfc82df5c1136d12ef87a8c90729e3a61b0d8805980","Natalie","Galloway","USNV Carter
FPO AE 23708","2463"
"54","santiagocrystal@hotmail.com","pbkdf2:sha256:600000$ZpOc3CxMWrjy2oVq$a5650657d3ccaabbf8e82b6c2f276af9b8af6ede862b43610d49d4b96e3546af","Christopher","Berry","PSC 3940, Box 9651
APO AA 37195","8419"
"55","xhensley@gmail.com","pbkdf2:sha256:600000$OHVnBN9G7I2ZTrHn$f1cdd313373ecee51384fe4c7d93b46bd76655946f2cac6c680828d34fd488df","Angela","Rodriguez","330 David Throughway
Markport, WY 19360","4082"
"56","carlosrodriguez@yahoo.com","pbkdf2:sha256:600000$bGxip23SSGiYmKkc$2bda962e64d2f2644fabfceb714a4c1ad14e359ec0f16ec1ac47f45bdf3f0901","Zachary","Conner","41543 Hall Village Apt. 361
Elizabethstad, MH 51707","4782"
"57","tiffany63@gmail.com","pbkdf2:sha256:600000$BdgdomupWEtddT1A$64626ad740f30b51a05944bbbf1163b81dff24dd04c20abce02d56300cc12d7a","Michael","Robinson","685 Paige Gardens Apt. 118
West Michael, NY 32771","9519"
"58","davidlewis@gmail.com","pbkdf2:sha256:600000$f44hTEf5GeuOqXMd$7d3ef408b0a4d54e1894a063f7393e2eb383ddc25dc4c7a8dd2759f508517f04","Sean","Jackson","20843 Sanchez Port
Port Jeffreychester, MD 84944","2300"
"59","joshuakent@yahoo.com","pbkdf2:sha256:600000$S3J4SDkrKILhLYAf$efc9cf4ac8be585a9de14b747951bd9ebf6603e3d9d334e873d1264457362384","Billy","Graham","0985 David Hills Suite 698
South Ashleybury, MO 35092","4327"
"60","heathermarshall@hotmail.com","pbkdf2:sha256:600000$myqCPNtwNzBodQ4k$78339f00b83ef2a6d9f142be7d763bb0b1b756a604187cde3823c129f85fdada","Christopher","Nolan","51267 Cervantes Harbors Apt. 287
Greenville, CO 90556","6557"
"61","ricksmith@yahoo.com","pbkdf2:sha256:600000$cUipGorGGR1XOhLY$ce2a17e857af7ef79991b504189d24a239b550e506b0e2e8642a08a68d690c69","Andrew","Mckay","57954 Hall Streets Apt. 780
Floreshaven, FM 27102","9232"
"62","richardharding@yahoo.com","pbkdf2:sha256:600000$dzqRFegtgFem4M6P$84ae570cd6797a909752e84261df2319eebf142f906b96b1f0c6e5fa15677d83","Christine","Moore","1635 Marsh Forest Apt. 928
West Bonnieside, SC 81852","6966"
"63","sharris@hotmail.com","pbkdf2:sha256:600000$ekZQVwlKYCgPeHf4$fa6a554d3b06cdcb7875cbda75b7d7af9cd2a6d5887848897d2dd3daa658d1fc","Rodney","Harrison","96324 Stephanie Mount Suite 758
West Ashley, AK 64880","1699"
"64","jasonday@yahoo.com","pbkdf2:sha256:600000$UBAPXRu8kQJyxHaD$b178be2aae7bd251f9305e1c0aa5101c8aa2bd5079e45589b48ee86a3f447015","Jennifer","Contreras","12494 Lopez Harbors
Danielview, MA 94014","672"
"65","pharris@yahoo.com","pbkdf2:sha256:600000$C9nFm8aVsXEWBOUV$8fa1ec618d3e70042362720a123997adcbdf9ea2124e48c2c626cf140b4e76b4","Karen","Knox","12432 Robin Lights Suite 330
Robertborough, NY 13836","7847"
"66","gclayton@gmail.com","pbkdf2:sha256:600000$kn3t0OrwBhB5gGvO$d941f7de017711d4047f48ddd6f7793e6ba0a288dbb5c43846b5b7635433cdf8","Amy","Moses","2298 Rodriguez Freeway Suite 940
Seanborough, MO 29958","1992"
"67","sanchezsherri@gmail.com","pbkdf2:sha256:600000$jegbWVl5o7xOQx5P$3452cea9aa8396406e1c5efbd547d46f6816d9e710eac275463044c9634665ba","Elizabeth","Nichols","32671 Jeremy Track Apt. 267
Scottborough, OH 05342","3487"
"68","ole@yahoo.com","pbkdf2:sha256:600000$ZXGSzpW4x4fZJkpS$daf87445a46dec7eba4d3216c447f56e532835ea17f240bbb7ed3f5b3a201915","Alyssa","Hill","1218 Baker Loaf Suite 309
Port Bruce, NE 44165","968"
"69","colonconnor@gmail.com","pbkdf2:sha256:600000$a1uBDSgNUwDJQDfK$5a9b46f4a3bb729741a7b34bc8ec5cbdad8cf5c42a9cf5efaace095a4ff58481","Cassandra","Martin","386 Ramirez Street
West Susanview, MH 11854","5537"
"70","nancyadams@yahoo.com","pbkdf2:sha256:600000$0tlhYfomFfXEsokL$6015e116c1f5686c915a8537619e8061f2d18e7a59dc38e037566fbb10f6fd6d","Tammy","Peters","161 Stevens Cliffs
Lake Stanleyberg, MS 96818","5802"
"71","kstone@gmail.com","pbkdf2:sha256:600000$A4P4qPxGN1WrgXz6$ae7af90d1e874677ec1410e9704ded9fc550233fdb928f77d046ed77afa0c8cc","Jimmy","Walker","Unit 6453 Box 8399
DPO AP 05284","8599"
"72","williamsrodney@hotmail.com","pbkdf2:sha256:600000$7EHFCR5Z3znGdBg8$27aa880bc0aa2f408fe9718b1c6a5b3608db4b109a8ce95dc1ae935f59951e90","Austin","Holland","9376 Eric Highway Suite 690
Jonesport, VA 61698","764"
"73","hromero@gmail.com","pbkdf2:sha256:600000$ATEriWoBtu37hfs8$8dbf3b9a1c78fda294d9372463fbf6eb400e0119ae3777aeee8913de18b3260c","Timothy","Peters","42723 Danielle Plains
North Lauriefort, MA 20369","6092"
"74","brownkelly@yahoo.com","pbkdf2:sha256:600000$Wq6Nf6s9iFOpXJDo$7f4d80f7f4464d22224bf305b3108e162deb85354633681f8ac7f367c812b1fc","Julie","Villegas","USS Cunningham
FPO AP 98374","116"
"75","diazfrank@yahoo.com","pbkdf2:sha256:600000$7PL87lWGxzkMauoz$7cf77bc1da39726877777950295d02fb5e01820701e200d572c0000f776b7897","Jacqueline","Brooks","93814 Brown Knolls
South Brittany, ID 61727","5564"
"76","qferrell@hotmail.com","pbkdf2:sha256:600000$luA1znq1Z8g8Bv2M$6b91f493304adca255f534021892d40c517f7b311927735f31b9add69c290e4a","David","Harris","8551 Sarah Squares
Lake Michael, TN 27172","220"
"77","patrick19@yahoo.com","pbkdf2:sha256:600000$ctECT9Cn3ZL0jMFU$613fe88bcdd82a1344e2bc8c9bc4fbf35133edd52a479df60234d51980313b5d","John","Coleman","1627 Armstrong Avenue
New Jayburgh, PA 23760","6499"
"78","brookeclark@yahoo.com","pbkdf2:sha256:600000$71Sf2Cqz3ItYGY32$72cd99f068acbcb58f3208860913b99c383141de4570075fae0989746c65f109","Katelyn","Howell","5640 Sara Lakes Apt. 150
Valenciachester, IL 77372","7165"
"79","kellywright@gmail.com","pbkdf2:sha256:600000$mb7wZB1CCFj688Ag$3b761c41a3ef8397c3ed5d80db25204b37dc531708c022aeba9731128c1eecac","Joshua","Jacobs","711 Banks Hill Suite 571
Erikachester, ND 04817","3976"
"80","ppatel@gmail.com","pbkdf2:sha256:600000$qKDNwhgyufoggnFY$4839b9dbeee19d8e7af2fb0ba385dd756813e811e28dee3ebe45847388e31c2e","Deanna","Holt","39936 Todd Hollow Apt. 143
North Michaelmouth, LA 41369","7567"
"81","nicholasmorgan@hotmail.com","pbkdf2:sha256:600000$hxXWzHXQAwKOF8d7$cb7bcf71ab3a9f98aa341c8f7da7f042fcac69b92073333dc6a200ff21ff4170","John","Joyce","05572 Williams Mission Apt. 748
East Brittany, TX 32080","222"
"82","dwells@hotmail.com","pbkdf2:sha256:600000$P52geBD9WEsDJfo8$d74764a2d5fae45936837b256da762a70c302e9e30fc003f98e34a5a56f37849","Kristina","Higgins","6732 Williams Fields Apt. 702
East Aprilville, TX 16414","9980"
"83","wiseamy@hotmail.com","pbkdf2:sha256:600000$MgJoCVLX9jaDxIxz$19be3296a867f7158b48f4f9e2990132e921777313a9349a1599a4585553254e","Travis","Richardson","PSC 4130, Box 9766
APO AP 62532","5590"
"84","hamptonterri@hotmail.com","pbkdf2:sha256:600000$kLK0gitzBlgL5Xve$17ad019d57628eb6f290cc4489374a7a9fe5d6af71f265b576bbbbbc952906e4","Jack","Stephens","PSC 3213, Box 3440
APO AE 19932","7602"
"85","randallshaffer@yahoo.com","pbkdf2:sha256:600000$uojlvu0TafdEP7kU$3dfc3b0612b1458094799d46c988570750a5db6aec46a543dbf227638c4da51d","Thomas","Underwood","9823 Thomas Square Apt. 749
Shellytown, VT 80845","9914"
"86","webbjennifer@yahoo.com","pbkdf2:sha256:600000$X7llAC2F0rhZTj0f$6bd6daeccdd3c5684351bf51f62d75d0c8fbbabbdd678eaf7694875410c98e53","Michael","Livingston","00927 Martha Villages Suite 468
New Thomasview, KS 04899","5071"
"87","michellepalmer@gmail.com","pbkdf2:sha256:600000$J1p7hM8MpViPsUTl$239936c104ba84c3d1fea6da3de8627cfd1808edc189f403cb8e27546d36ff5a","Ms.","Miller","9339 Erica Haven
South Matthewchester, MI 19187","6201"
"88","scottalexa@gmail.com","pbkdf2:sha256:600000$6GfmSUt5NhxY3vbO$885382011a341c1fed69718a1339d348928b947ee6df169e1ec8e5ddef49586e","Diana","Woods","USNS Perez
FPO AP 00605","7890"
"89","nmoody@hotmail.com","pbkdf2:sha256:600000$cTBDbhVopMtJC12z$1358d80d78b47fba680502785a9acf00df85f904612dd90d70feb8ead7ce9cc0","Jonathan","Huffman","04504 Garcia Lodge
Karenbury, GA 79485","5178"
"90","robert50@gmail.com","pbkdf2:sha256:600000$7RdZ92qD1D9cJQsE$9996526f07fda8e0b35d05139a1887ae7689012b84baffcc095271ea577bcc65","Richard","Davis","2872 John Flat
West Michaelfort, ME 43651","640"
"91","elizabethyang@gmail.com","pbkdf2:sha256:600000$YCApHfhuAi3hMXjO$4a3427c4a6b266e2c2670db80a05100e4dc2357203c2c269755125c446aab6c9","Savannah","Miller","858 Madeline Dam
Keithberg, CO 35101","66"
"92","linda77@hotmail.com","pbkdf2:sha256:600000$qtN2ITecs0VEpSui$c496758cdf1399e73d4484fcdb917553c7d1e0359042b716e2a74127227d555b","Nicholas","Duarte","59156 William Center Apt. 044
Port Nicoleville, MN 46729","9378"
"93","smithrichard@gmail.com","pbkdf2:sha256:600000$lPEhHAAKXR5xiRPT$4950c098b8bb3e5a9a2f839af7707a0484b37ec635c9c583b1003a43fca99b55","Deanna","Washington","08668 Lewis Hill Apt. 205
East Destinyhaven, DE 15062","3358"
"94","yolanda44@gmail.com","pbkdf2:sha256:600000$3SHt2UO0K5k7tvAs$eead324f2db6e2d38783fbaa96e3eed32730a0d400c8b8c8b44e85b96ce29a2f","Patrick","Cox","9220 Gerald Island Suite 876
South Bruce, WI 89452","9580"
"95","jacqueline52@hotmail.com","pbkdf2:sha256:600000$tx4EqMOHjvJEw1hA$71ab70a2777e79e8b7ab910cae3c06f1f217697f1625c14a1593dc97ee8b2dae","Stanley","Rivas","0035 Mcmillan Road
Lake Shannonton, KY 20627","9484"
"96","jkennedy@gmail.com","pbkdf2:sha256:600000$c3eGY0ShSI3A9y2O$93153444471fea77516e17e8347e714f3f4d1cf02bf381c0bdb027109daf8bca","Rebecca","Sandoval","07634 Brittany Neck Suite 156
Tylermouth, MD 74908","6553"
"97","jesseedwards@gmail.com","pbkdf2:sha256:600000$vgUEhqWynp0HrDzV$635beb10ea34debccc04e33eed976fc39bdae4cfbf9bbce50177685f379c3df6","Justin","Anderson","347 John Brook Apt. 056
West Traci, CT 13358","612"
"98","kathleen81@gmail.com","pbkdf2:sha256:600000$PaMy1CjdBXppQTw3$c311b4768864d7ef4f4bf41c4411fb24cba6b70771b8c22d416fdea95c98ade2","Jay","Butler","43856 Michelle Garden Apt. 763
New Kathychester, OK 93906","1103"
"99","jenniferthomas@gmail.com","pbkdf2:sha256:600000$DF3MkldoKx8J4lXj$51675de789580e31d6200c358c2eca256902a8c003361d11c1e9d1b959f426f7","Jonathan","Dawson","46418 Andrew Curve
North Roger, VT 78180","6726"
