"0","tamaramorrison@hotmail.com","pbkdf2:sha256:600000$z6Ow2CQpGRa7c56z$3320c0a00d4b5d04da8d90bb6f222d8783b0dea567492ae6c26a7fed4d603272","Gary","Cross","Unit 5938 Box 2421
DPO AP 33335","7290"
"1","stephenschristine@yahoo.com","pbkdf2:sha256:600000$Wvsv2KAe12XNkZ1b$af61e71b95d21360dd3200913a2035944c15ca4f97e2da6afd5081476dbfcc3e","Madison","Obrien","1122 Megan Squares Suite 848
Port Jason, TX 77807","3618"
"2","hensontroy@yahoo.com","pbkdf2:sha256:600000$dNzhnLxWFZNMrOSn$b1bdee8ec9bd53cce9e9221145622214c19a033674578bc7d75109b08f1aaf8e","Ronald","Miller","45792 Tammy Centers Apt. 258
Davidmouth, TN 23414","7649"
"3","kimberly00@yahoo.com","pbkdf2:sha256:600000$8Q5nFIoe3LWNSOkm$e84c3d4e24cf0c19a7573e210a243bf15d762d51793190eab5a8166d132bc6a9","Melanie","Grant","Unit 6650 Box 3008
DPO AP 13317","2448"
"4","ryanhoward@gmail.com","pbkdf2:sha256:600000$m8WVXIboNVNZqdX3$22d7db973e5c2225b4b2eeb975eb8a9dfa165f3a1247d9cec154204a5de88ec9","Jaime","Villegas","42814 Houston Hills
Rodriguezside, PW 63569","452"
"5","melissayates@hotmail.com","pbkdf2:sha256:600000$C8IpRp9VWwu9H0jZ$d39cd8762569050ffea63dfea2224e98538f35a32953719438a3abd419a0a0fd","Amanda","Smith","92137 Ward Views
North Vanessa, NM 19952","2981"
"6","hhunter@gmail.com","pbkdf2:sha256:600000$Ot05IMo1FvzgV5iE$c48971be350da25777a769345072c314977a0e4cbd80b6617e37220ea23cccfd","Shane","Becker","22345 Sheri Orchard Suite 279
Lake Hollystad, MT 05112","9273"
"7","jack11@hotmail.com","pbkdf2:sha256:600000$xjjA4q7GlkmJQlyx$b60e177c4b63a0d4e3857e17b633067021112e3b9a729d1de17ba0a5603a5f33","Megan","Mays","6607 Sharp Common
Chadstad, UT 04351","5042"
"8","danny48@hotmail.com","pbkdf2:sha256:600000$uZDY3fLwBePv8sv3$38383ef342add25cf8229dfb4cd27491fc4b6ae4e8f146b192884942620c11cc","Kristin","Watts","45602 Phillip Squares
East Robertside, MT 97609","6950"
"9","juliewilliams@hotmail.com","pbkdf2:sha256:600000$KPyTJrTXWJA6QjnI$776026e9e09040dc6e2619d2c70f555f1c3e17e79e5b10e6f55b76220365c8b4","Keith","Taylor","40046 Wallace Summit
Michaelborough, PA 11676","418"
"10","jesseevans@gmail.com","pbkdf2:sha256:600000$Ilgmj0OWpjEWybd2$ecd0748fe3b1973a29ea4ba30828b70ee42e4cb739ee35f1811e773025eea88a","Thomas","Wallace","605 Darren Alley
Morganport, VA 30213","8390"
"11","bradleyvilla@gmail.com","pbkdf2:sha256:600000$j4AMbE84yliXHgGd$70645b81184bac26145eeaf5718716a1b7b098a4ebf43c86db0d48afda812386","Erica","Bryant","USCGC Carpenter
FPO AA 33891","7551"
"12","emily35@hotmail.com","pbkdf2:sha256:600000$JI8stzfwdBJgwJZE$925cd00bbb4eb44057abcffe0b3294f6d0306ed60ee4bbc78a03591a26f6b075","Danielle","Mitchell","12637 Lisa Points
Williamsburgh, IA 64728","4699"
"13","johnsonbrady@gmail.com","pbkdf2:sha256:600000$VVmPNS3gbEHmVXcu$cda4628071893aba8536721813968e1e6b5ab248879c9f5df6c108152c4f6cfb","Michele","Underwood","62281 Kathy Tunnel
Hudsonborough, IA 96519","5352"
"14","kelly27@gmail.com","pbkdf2:sha256:600000$MyJgU4qs6OTN0z1m$8a6ea4a290aee56f6e681295baedb17c80dbc2b111179ba3ff7a1f1a923a492f","Stephanie","Newton","4256 Smith Greens
Maloneshire, PW 16569","5829"
"15","lramirez@hotmail.com","pbkdf2:sha256:600000$GPvclf2b1Xsp9xj9$41752aa50db10ba6abfd166009962be8fab9d60b7fbd46da2e1acd9077944cc4","Amber","Moore","708 Villa Camp Suite 616
Tylertown, KY 97488","1036"
"16","parkertravis@yahoo.com","pbkdf2:sha256:600000$n7fRzLKtiUXgOwlZ$06c05342db582666be18f1a39863d4d0301ff8b9b556cefa4961254ac63a4abd","Jonathan","Simon","64488 Branch Field Suite 208
Port Donna, WY 74331","6519"
"17","kimberly87@gmail.com","pbkdf2:sha256:600000$ZSnZnLcZLGuBETLA$d6c669c18b6647a996ac3dfa320083e2998f7fac237de9cc8c785466476123d8","Kyle","Powell","294 Short Locks Suite 820
New Michellestad, AL 09593","7353"
"18","morriskrystal@hotmail.com","pbkdf2:sha256:600000$yKmMi1gEj9UBzqUz$22b1ec4b601360a50e459f2217d41673f4cf424967dfbbccdbe2c6d9937a8eac","Lindsey","Oliver","37937 Jenna Shoal Apt. 780
Port Zacharytown, GU 10985","8126"
"19","kimberlynunez@yahoo.com","pbkdf2:sha256:600000$kha7ucjEmFRsUKNj$0c1ca97f42e3d15fb2e8a46471491bfcdc6aec008d0d271b7e3887b4de954125","David","Perez","55170 Regina Road
Susantown, MS 44762","433"
"20","michaelanderson@hotmail.com","pbkdf2:sha256:600000$kjwHkrrZAR4AV7ry$4a3f132253ab17194015caf346cd0d6ee787bd264d769300e4f35dbf617fdd4c","Gilbert","Jenkins","612 Knight Keys
South Paulabury, NJ 50538","2715"
"21","elizabeth32@hotmail.com","pbkdf2:sha256:600000$bVte2xGPoDzCHHnl$a0ac3df7df7e46a0040f8b1c80a9563f4eee3e60896bb1a20925618ebfbd20ca","Madison","Pollard","23230 Lori Knolls
Jennifermouth, TX 16030","1276"
"22","nancy51@hotmail.com","pbkdf2:sha256:600000$cc60sctRnB2KTJSu$07559a79a4c454a1cc1558251529c4b5b3bcf09b7bcf584cbde35ce0050917ce","Troy","Hawkins","6409 Samantha Extension
Cunninghamfurt, AS 11877","3959"
"23","danielrobles@yahoo.com","pbkdf2:sha256:600000$9RFg5NJTZz78vZ8S$d6d0037aa0249c44914b2e5e3963684d4a3dd473261d39ae1d70530bea113407","William","Bray","14963 Stuart Wall Apt. 343
Kellerstad, LA 50877","3829"
"24","griffinpamela@hotmail.com","pbkdf2:sha256:600000$XO5vgPCjdsvxRpxx$6e637668941046b8db3c7572d5adac60968c5da2a52dc793519c4cc1a25ab83d","Melissa","Wells","73089 Jones Fall
East Sarah, MS 62718","7308"
"25","qmyers@yahoo.com","pbkdf2:sha256:600000$7rFanQoj1OTCBDUC$8024fff447e1fc967632dcbf61d41ce3e8417c907c0964c3716196c0608e025f","Amy","Sanchez","281 Kevin Path Apt. 025
West Mollyburgh, WI 61921","7677"
"26","jeremy94@gmail.com","pbkdf2:sha256:600000$Ru8NKTsO8CThDBGf$3d0a85fa307ff99b3be4328c45417cb8adc1754d97c2e2482ef7102726cd6cbb","Joshua","Jones","USNS Mcclain
FPO AP 06609","2536"
"27","wendysteele@gmail.com","pbkdf2:sha256:600000$AIvyfCTW0pUfo3L6$015c7c2c55227060ae3a45741a3b0883e1ab19b0daa12f9aa6fb4ace28590ac3","Zachary","Garcia","69220 Janice Gateway
Lake Josephfurt, DE 45566","3299"
"28","preyes@gmail.com","pbkdf2:sha256:600000$BQjswFEZ999fORd5$81b87f38e100a01f5b5ac5dbd1f5207f0bc47139230fd38b7bd561be02816968","Amy","Price","48015 Brennan Tunnel Suite 019
West Lindaburgh, VT 36585","1612"
"29","martinezchristopher@gmail.com","pbkdf2:sha256:600000$NcFLHwYd1KxD4tNm$e3c58a844991d28162ecabbd0e8b18e6dc7474b605564419adf055bcc1746976","Kristin","Ibarra","4466 Terry Centers
Lake Olivia, NC 47333","1339"
"30","qstark@yahoo.com","pbkdf2:sha256:600000$yqUaYAcJUfIzM7IX$3e9ba4f299e280f9a82a542e3ce432f864291a2aec61d4d6cc1d233a0ae2767d","Eric","Taylor","129 Joyce Walks Apt. 081
Wrightberg, PA 82666","7474"
"31","waynebarnes@yahoo.com","pbkdf2:sha256:600000$zrzAgiTRdVWhNlM5$7e6e327fb47890553288c42c775b1b737c4b8f5f689d6c2f70dfb1d9ae87dd94","Daniel","Mccall","0329 Rebecca Shore
Chelseaview, AL 88909","3097"
"32","vschneider@gmail.com","pbkdf2:sha256:600000$9xpEGe1atQUOTCtz$e1756e533a4ea81c61a204aa73a6e52b3b49ca231b96795d2d2bd7a92b56cfd8","Brian","Kelly","541 Brock Estate Apt. 848
Franklinchester, TN 21347","3428"
"33","shawna76@hotmail.com","pbkdf2:sha256:600000$Kg8pZXDQXGmaQmzv$27d424facc2eb1f0f60a32582c18e2af4890d3cccd753b982418a0ca5eb839e9","Jessica","Frank","782 Dawn Radial
Port Christopher, NJ 38224","5229"
"34","vallen@hotmail.com","pbkdf2:sha256:600000$aDQZo4su0TzRGg89$d2793abf0c5e5c7d08bdeb94960afe590065c37371607a717d552d4b54c8b154","Alexander","Gibson","8039 Thomas Land Suite 938
New Williamton, OK 47516","2399"
"35","andrewkramer@hotmail.com","pbkdf2:sha256:600000$IGklTnlkD5zWeLvf$790e3a8bb05875f1cced2bec74fd97bc8608736d8b27198e59c6fdf644682fe1","Phillip","MD","7329 Jacobs Station
New Tylerborough, LA 51577","1498"
"36","stephenbeck@yahoo.com","pbkdf2:sha256:600000$pKFT9WQRO9ak6N2c$ae651a6bcd2b1632894980b4ec4ea138773110c8069f42e1162949cbcabde572","Leah","Bell","USNS Ramirez
FPO AE 24579","4511"
"37","sandygarcia@gmail.com","pbkdf2:sha256:600000$CUZM7l8x8sNLVx0g$9cb3e5448981b3ef557dbe5276474da52af96987c1010febc41e6db5a22f63fa","Dalton","Fritz","Unit 3486 Box 1261
DPO AP 85920","3199"
"38","nbaker@gmail.com","pbkdf2:sha256:600000$a5dPgzq72T3Vvh0Y$05db7753bb70aed1a2088124ba4aa25388f258534ab6a6b46d2489eb6e8a6abb","Erica","Vega","905 Baird Turnpike Apt. 037
New Evelyn, GU 01420","2282"
"39","joel44@gmail.com","pbkdf2:sha256:600000$VFONCg4xUgebZPqL$13e1e75b34da6f822301386163a9c292ac1fea9969c7070f14fd8a303fead1a9","Daniel","Davis","117 Abigail Burgs Apt. 749
Jacquelinefurt, GA 31642","2374"
"40","carolyn44@hotmail.com","pbkdf2:sha256:600000$8A5Z3e3X9WVomjPJ$c4ad6546ce59ee539904d9b53285803fd9fcca6b5da314707457100e3f40de38","Thomas","Alexander","9983 Mary Grove Apt. 643
Beardview, NY 53474","9140"
"41","bmorris@yahoo.com","pbkdf2:sha256:600000$ftSDa5LV7HzJfBe9$1448bfcf36b95cf2fa511cf34fb4e8c6ea59a265a3ffeb20e23b789de0fb3f4a","Nathaniel","Perez","59748 Sharon Locks
North Adammouth, VA 27727","4691"
"42","michaelcoleman@yahoo.com","pbkdf2:sha256:600000$Osk8ibK0QfUea2G2$a59473687764340f7663cdafb47a430467a95a10740d6825f2f533a6a5a3e234","James","Newman","958 Antonio Loop Suite 750
New James, NM 17740","1078"
"43","nancyparrish@yahoo.com","pbkdf2:sha256:600000$WM14QIoPuKJ0T8wM$39f16cca7f4318c87c81ec5f9df6c806feda1893d1840abcf35ed110ae39a078","Barry","Hubbard","12903 Alejandro Pike Suite 624
Alexanderside, AZ 21393","1331"
"44","denisetaylor@gmail.com","pbkdf2:sha256:600000$hZkWK1O81nsk66xf$35cbb85e76147379fbe791f163e9be6c8bfb5a896edf48c2cb4370ecb4b6c6eb","David","Steele","131 Reynolds Crescent
Robbinsmouth, NY 95807","8020"
"45","lindseyeric@gmail.com","pbkdf2:sha256:600000$6b6NJ4tN9fMcQkxo$abcf5d71efe7ff70d1ea20d7d55dd72d4dcd1a8de69fe66ab9633e529c33188d","Adam","Gregory","PSC 5531, Box 8724
APO AA 25341","3837"
"46","johnny46@hotmail.com","pbkdf2:sha256:600000$AKGWaFmdeiaIw2TZ$0245301b57fdf5a3e0171947ca84ac594e6c6c5715e2aa69965c3644557c0cfb","Dr.","II","955 Wilson Turnpike Apt. 652
Boothbury, VA 89723","381"
"47","taylorsteven@gmail.com","pbkdf2:sha256:600000$pxdZ5yZmy2PewYea$3cca7b091807e411af4bdf49ecab5388b2f2715078335dd7110ae4af694fd90e","William","Burns","8140 Trevor Valleys
Vaughanstad, OH 62334","4231"
"48","thomasallen@hotmail.com","pbkdf2:sha256:600000$wnzgCBLQEEew758S$c68d06c9983ec43224118442cef2e52013bb0fec342610df0c44a43fd4fbcb71","Christopher","Guerrero","144 White Avenue
Sullivanborough, CO 55257","4253"
"49","josephmason@hotmail.com","pbkdf2:sha256:600000$J3fOFswkYmipsX4P$e6fe6bd5a768ddd9f187215f8c7cf1e43f82d25f13e6cf1330cafd854c403ec1","Kathryn","Noble","12169 Juan Ports
East Melissaport, PR 53317","1804"
"50","richard56@yahoo.com","pbkdf2:sha256:600000$DSxdz4YSUxQWgaSW$42fbd20e5dbf0c57a969c5923be882e68766fb7a24831ec2a5091301f81a7e6b","Stacey","Rojas","5953 Braun Drive Apt. 720
New Melissaberg, WV 14838","233"
"51","websterrandy@gmail.com","pbkdf2:sha256:600000$xmaZUwkC9iyiyJ6r$09abddbaf9b8c0e56e154ba3eba94913b70677f48a0c8acfd5c8121a76c641d2","Laura","Morrison","PSC 2732, Box 9314
APO AP 66855","5627"
"52","obarr@hotmail.com","pbkdf2:sha256:600000$N5dFH3xB4bKfb00S$a9ef3d74b9a40f4a5192f60087b9e8dce8921f69d71d292834b5e742adc68f6f","Samantha","Morgan","3605 Jackson Corners Suite 709
Port Donald, OH 74865","7762"
"53","abigailandrews@hotmail.com","pbkdf2:sha256:600000$AYg0gnFjaXCNKbHS$5b955406ecf82172d2d045e7763f9df80b86a833d0abb78cbb502944d3c05981","Natalie","Galloway","USNV Carter
FPO AE 23708","2463"
"54","santiagocrystal@hotmail.com","pbkdf2:sha256:600000$CmWtpe8rH03Pe2TW$940f314e577e97a97d4fd775a3f834cbce909b96a19ac9605a77c3a6355089f0","Christopher","Berry","PSC 3940, Box 9651
APO AA 37195","8419"
"55","xhensley@gmail.com","pbkdf2:sha256:600000$Wb5QdePZT5VZZTVT$fef9db9ffd076c170d63ba69a487505a891f0d38b718a10d172c95ddf44bdac0","Angela","Rodriguez","330 David Throughway
Markport, WY 19360","4082"
"56","carlosrodriguez@yahoo.com","pbkdf2:sha256:600000$2cPJu6ZT2gjraRlZ$73eed830a6c8acfbb60ed61ebc190a27e35be5ccbd86400ccd456f8bc722f3d0","Zachary","Conner","41543 Hall Village Apt. 361
Elizabethstad, MH 51707","4782"
"57","tiffany63@gmail.com","pbkdf2:sha256:600000$qgfnGtcKCAhlq698$355e8985b5991c0d9eaa292cd90ef075a987a7c3ea54890304e0dfbaae95d7a6","Michael","Robinson","685 Paige Gardens Apt. 118
West Michael, NY 32771","9519"
"58","davidlewis@gmail.com","pbkdf2:sha256:600000$uHMMTrTzGdSOd7tA$a8e026f6328d629de6d97ec14752f5277ba1474add72075141b9f4dce841c167","Sean","Jackson","20843 Sanchez Port
Port Jeffreychester, MD 84944","2300"
"59","joshuakent@yahoo.com","pbkdf2:sha256:600000$KzmPnmaV1HTuStSw$de33b4c527e5bf098d5de32b316c7b4e6c51e4453033a11830301e20dd9f3ed9","Billy","Graham","0985 David Hills Suite 698
South Ashleybury, MO 35092","4327"
"60","heathermarshall@hotmail.com","pbkdf2:sha256:600000$bVtU4v1twlKATnsd$d808852ead4f804e130d44b1f26f09a66d54b55ce9af28079f2c06893f103a8c","Christopher","Nolan","51267 Cervantes Harbors Apt. 287
Greenville, CO 90556","6557"
"61","ricksmith@yahoo.com","pbkdf2:sha256:600000$SbnrCjfUtfbrVuhj$504fe88d148d282a2cbb0bbeda897ac5a098b3e1518b26fd893ee54151fa36f6","Andrew","Mckay","57954 Hall Streets Apt. 780
Floreshaven, FM 27102","9232"
"62","richardharding@yahoo.com","pbkdf2:sha256:600000$sJvOeneDAHOZgESS$1381e9940e6f297461540e2f96c9cad5a4d5ba70f5202cc28016083dabae8051","Christine","Moore","1635 Marsh Forest Apt. 928
West Bonnieside, SC 81852","6966"
"63","sharris@hotmail.com","pbkdf2:sha256:600000$TBpJVBcSsjx28jdV$603bcdf16d5a91b58b08b53d9d062ac36d6256aeb2678be3144e47a3b2b513ee","Rodney","Harrison","96324 Stephanie Mount Suite 758
West Ashley, AK 64880","1699"
"64","jasonday@yahoo.com","pbkdf2:sha256:600000$xU7idGOaJ0zevEW6$c8fc28454a98806e87114b3c4ebaa2d907e974478b9ce4f03ec27f90f8e3bbfd","Jennifer","Contreras","12494 Lopez Harbors
Danielview, MA 94014","672"
"65","pharris@yahoo.com","pbkdf2:sha256:600000$TtFm8CUOvwV6YPEk$76866df3ed6236783f182d22d8cf1c7216ddc61824f3491b80090f9a402cbf53","Karen","Knox","12432 Robin Lights Suite 330
Robertborough, NY 13836","7847"
"66","gclayton@gmail.com","pbkdf2:sha256:600000$yF4vFalXbcRmJjAy$93df00b6f3703f2b3618dfcfe4b35e82ae955c11c9211f8ff1f48581a4934e66","Amy","Moses","2298 Rodriguez Freeway Suite 940
Seanborough, MO 29958","1992"
"67","sanchezsherri@gmail.com","pbkdf2:sha256:600000$qf5Zce8ovAgQfbff$614515e198d94e8193b609bf8286904c85e8964139e874a3bb583723915adba3","Elizabeth","Nichols","32671 Jeremy Track Apt. 267
Scottborough, OH 05342","3487"
"68","ole@yahoo.com","pbkdf2:sha256:600000$Hba7JwUXHQIC1i2z$2e86a9ca286ac5b99aa6b5513a1f814ba2ca0aafdadd8e4df55bb3dbfe428792","Alyssa","Hill","1218 Baker Loaf Suite 309
Port Bruce, NE 44165","968"
"69","colonconnor@gmail.com","pbkdf2:sha256:600000$fRBPis50ZCd1pepG$e1ab20f14dca20da5ecccd667f0d90cb396a56f2a60de1298c57c350254c4ca0","Cassandra","Martin","386 Ramirez Street
West Susanview, MH 11854","5537"
"70","nancyadams@yahoo.com","pbkdf2:sha256:600000$ZhjIPXdNV5JhhkQ4$e40b4cf41aa78edf1e3dd87eef8cf15456b5ce2f8a9f9a63e914eebf90b2d354","Tammy","Peters","161 Stevens Cliffs
Lake Stanleyberg, MS 96818","5802"
"71","kstone@gmail.com","pbkdf2:sha256:600000$KrByTDTCzlOpXy5e$d0db600eb23b91e77c1a02dcc7cb707e46292ec47c3f478b59b2e9d2e2a66023","Jimmy","Walker","Unit 6453 Box 8399
DPO AP 05284","8599"
"72","williamsrodney@hotmail.com","pbkdf2:sha256:600000$uXzFojndjhtoylgM$1f7863e7804df0948d14029a4f9dad29ac404ed97845c8f4c741be3c80eda55c","Austin","Holland","9376 Eric Highway Suite 690
Jonesport, VA 61698","764"
"73","hromero@gmail.com","pbkdf2:sha256:600000$ExuyZ6wi71YoCOjC$80c99a07dc4efece79111afa148ae057a8ef11934f39beebd233805eb9275daa","Timothy","Peters","42723 Danielle Plains
North Lauriefort, MA 20369","6092"
"74","brownkelly@yahoo.com","pbkdf2:sha256:600000$ERRFX7j7vZMaQvLE$ce2d23de8af98d4f95a053f8d8f4e07c404efe9707eb63e36a7c77ab552edf06","Julie","Villegas","USS Cunningham
FPO AP 98374","116"
"75","diazfrank@yahoo.com","pbkdf2:sha256:600000$hi0ujZUHXGbkdbzW$d38e8302dfe14b977e4a1c238c98055e26df287d0e3afba2249e69c4d4fd3f4f","Jacqueline","Brooks","93814 Brown Knolls
South Brittany, ID 61727","5564"
"76","qferrell@hotmail.com","pbkdf2:sha256:600000$SQMmOddQnoS4Ihtl$bb054abf9b389f8bfeca35633678c7ae07ed24193b2dc572e475689858448b18","David","Harris","8551 Sarah Squares
Lake Michael, TN 27172","220"
"77","patrick19@yahoo.com","pbkdf2:sha256:600000$NmmmcbnHZtPUe2VB$98abf1309e90b7324f6685bdc724eb817e67f53c77d045e4b2ebf8acef9b871d","John","Coleman","1627 Armstrong Avenue
New Jayburgh, PA 23760","6499"
"78","brookeclark@yahoo.com","pbkdf2:sha256:600000$A92YMEYtonGKwsYS$104e0a9b757f722370321a299024ccfb9209eeaccb4af4b1b11e29de99a6493a","Katelyn","Howell","5640 Sara Lakes Apt. 150
Valenciachester, IL 77372","7165"
"79","kellywright@gmail.com","pbkdf2:sha256:600000$daifniXW99YRunKr$f5f83d6533b1c5f89bac30214aa2427afaba8cf3cc60c002a0ecec836df34039","Joshua","Jacobs","711 Banks Hill Suite 571
Erikachester, ND 04817","3976"
"80","ppatel@gmail.com","pbkdf2:sha256:600000$JBs3U1tcX0pqUnXn$2ec333b3cf372394cd08f41726ebe8ce1d882c8ef6ddf429c37ab0a64a1a6ae0","Deanna","Holt","39936 Todd Hollow Apt. 143
North Michaelmouth, LA 41369","7567"
"81","nicholasmorgan@hotmail.com","pbkdf2:sha256:600000$qjec7YjNPMC8TpdN$85fbdf72a2812987a09b2385f50f1a7866fbdd50336c21c357206bb6f52e7a94","John","Joyce","05572 Williams Mission Apt. 748
East Brittany, TX 32080","222"
"82","dwells@hotmail.com","pbkdf2:sha256:600000$f6J6OSVo5foGZz1r$227a5afdc626270683725f1219673984fe555069996e8067c444861bd2713573","Kristina","Higgins","6732 Williams Fields Apt. 702
East Aprilville, TX 16414","9980"
"83","wiseamy@hotmail.com","pbkdf2:sha256:600000$FdobHi8RZCZs4HvZ$b8a6997661effb4b51fb30da7fa8a09863b899aabbb3dc198e8a9323d31a14f5","Travis","Richardson","PSC 4130, Box 9766
APO AP 62532","5590"
"84","hamptonterri@hotmail.com","pbkdf2:sha256:600000$jtKq5bfxUv2OWjmc$8767914eb2a533dc614762b3ce1988c4455d26ae1f34f791931ce714b98c4812","Jack","Stephens","PSC 3213, Box 3440
APO AE 19932","7602"
"85","randallshaffer@yahoo.com","pbkdf2:sha256:600000$AaLPxKIGWx4Q02KR$b1a61cbd2da3e676a7f08443c47c3d11adff061962f8212bd151fb4acd632dc7","Thomas","Underwood","9823 Thomas Square Apt. 749
Shellytown, VT 80845","9914"
"86","webbjennifer@yahoo.com","pbkdf2:sha256:600000$3aviY9awVs5ccEpM$1c014a4975e16f7cf76552843e7f0356b565a090e4775e57b31a754c0c354b84","Michael","Livingston","00927 Martha Villages Suite 468
New Thomasview, KS 04899","5071"
"87","michellepalmer@gmail.com","pbkdf2:sha256:600000$ch6SITyYsnFn4GQY$98c03c12de84e8104fb457f48dbb72af7f384e629977551f00c063a599d3a979","Ms.","Miller","9339 Erica Haven
South Matthewchester, MI 19187","6201"
"88","scottalexa@gmail.com","pbkdf2:sha256:600000$jwCu6crVvLhlTZOL$2ff599eb2b626c2bcb7163fe50a012bccb592311859c7ce1d096835dd4e3b580","Diana","Woods","USNS Perez
FPO AP 00605","7890"
"89","nmoody@hotmail.com","pbkdf2:sha256:600000$fTGPmCaeKQKTjHD2$da8d9411bab74fcd0d98c51c64fb4815323f084a6cd90a1fabb71cdfd4b82dc5","Jonathan","Huffman","04504 Garcia Lodge
Karenbury, GA 79485","5178"
"90","robert50@gmail.com","pbkdf2:sha256:600000$SY3bhbLcsAbDs6T8$0f4808f8680fdf905b83a9765efa27a4e7f97886c86440ec5609d3db6169a225","Richard","Davis","2872 John Flat
West Michaelfort, ME 43651","640"
"91","elizabethyang@gmail.com","pbkdf2:sha256:600000$QIifKwr18EhYtStW$88c37d71e2967ee4d3fba0f79889407e283ad96118ef28224ea89cb825787293","Savannah","Miller","858 Madeline Dam
Keithberg, CO 35101","66"
"92","linda77@hotmail.com","pbkdf2:sha256:600000$5jhXrTUeqipuig6W$63b93fab22a081e6e6c0f8a7a8784905dd73fcbd92e263409413ed4f2d5fcf1b","Nicholas","Duarte","59156 William Center Apt. 044
Port Nicoleville, MN 46729","9378"
"93","smithrichard@gmail.com","pbkdf2:sha256:600000$LAx3FnD24U5Of8Ff$f37b8c2916b070734b8e5c237c441531ab78bc648c19f165f94a023034273007","Deanna","Washington","08668 Lewis Hill Apt. 205
East Destinyhaven, DE 15062","3358"
"94","yolanda44@gmail.com","pbkdf2:sha256:600000$hFZXKgI4dhPv905s$fc6fab91401c105550475fbe913fdfba4256bf5b1ab6d99d03a43ead8e092f31","Patrick","Cox","9220 Gerald Island Suite 876
South Bruce, WI 89452","9580"
"95","jacqueline52@hotmail.com","pbkdf2:sha256:600000$8V3vc9nG0v9BgWcw$375592d4ee01a22923e6b7f077aca4c49d7055a04b04c8de67d4c3679117c629","Stanley","Rivas","0035 Mcmillan Road
Lake Shannonton, KY 20627","9484"
"96","jkennedy@gmail.com","pbkdf2:sha256:600000$Qn1exrxIMJU7klT4$106eb229ef7590162a6804cb784f536d96e8ffc6c1e2225d2da4466b1f0a4c94","Rebecca","Sandoval","07634 Brittany Neck Suite 156
Tylermouth, MD 74908","6553"
"97","jesseedwards@gmail.com","pbkdf2:sha256:600000$i8HYWb5qnhGP2UhI$cb147c4e26f04ce84765accaa2edf58b48f7dda870af39904dc91127d22596aa","Justin","Anderson","347 John Brook Apt. 056
West Traci, CT 13358","612"
"98","kathleen81@gmail.com","pbkdf2:sha256:600000$e7hg09VQoFAj0Z5g$73e29e55da655c43a1471eb9c39fc75dda4c759f8db20bf704eebf1cd719678e","Jay","Butler","43856 Michelle Garden Apt. 763
New Kathychester, OK 93906","1103"
"99","jenniferthomas@gmail.com","pbkdf2:sha256:600000$C9QwZLhgRIBI609s$abe0c59c9be6ce0bb18fc1856109049224aa80cacf8478aae08a9530de985899","Jonathan","Dawson","46418 Andrew Curve
North Roger, VT 78180","6726"